usuarioId,title
1,0c2e0562-7996-47a1-9f3d-3b5a38247ee2
2,e11bfe05-132c-4da2-b2b5-3098a6c75129
3,5f6e5f08-bc2f-4b4b-a310-267787246cbd
4,294f3f6e-67d7-4b3e-bc66-98b31fe801d1
5,34d3ee60-5259-408a-a16b-a76febceecb1
6,45d0b4ad-075c-4ca9-b885-068a3c09b787
7,fec78288-f9e5-415d-84f0-65d33bea5422
8,23b23f28-7091-49ed-8beb-6303c425ebd1
9,36a74f33-d7a3-4b18-bdcf-94896da89ddf
10,8c88f6b1-d503-475d-945c-e36aae095bd9
11,b6f70616-e4c2-4d9f-a247-7987725a813b
12,06d42019-db86-4034-88c6-cc771e7e037d
13,4e20a95d-81cd-420a-9d25-bfe1d6aa8120
14,675ae6b3-bdc1-4cac-8c7d-f1ca3b2c8dda
15,069dd2e6-8e34-40cc-a8d5-839ceae0ba6a
16,c9d11182-f3de-4fba-8584-131427ffdc6c
17,df3ae633-8220-4d16-bc45-335012be0cfd
18,ca49f1ae-2bf3-4854-905a-7ca1e42b6f83
19,aedfe050-7f5d-435b-bd73-10fb6ecb29c8
20,7a3cbfa5-ad46-49ce-af99-07e90272f458
21,d751fb0e-252c-46bc-8817-771b7e20fed7
22,b34d4dc2-25eb-4282-8ccc-db76d9638cb7
23,d6e89c83-023e-4801-9157-328d466e2886
24,02e0ac7e-5045-409b-a66b-97aeb1202085
25,f65ad752-c743-4884-ad5c-8b1875fa4dc1
26,7803058c-3683-4eab-94b4-55f5ae3452cc
27,b8bdcf0e-b534-447e-bfd4-d519cbd6f384